{"cameraMode":{"drawMode":0,"name":"Shaded","section":"Shading Mode"},"sceneLighting":false,"audioPlay":false,"sceneViewState":{"showFog":false,"showMaterialUpdate":false,"showSkybox":false,"showFlares":false,"showImageEffects":true,"showParticleSystems":true,"showVisualEffectGraphs":true,"m_FxEnabled":true},"in2DMode":false,"pivot":{"x":0.4573225975036621,"y":0.7448176145553589,"z":1.483304500579834},"rotation":{"x":0.004018380772322416,"y":0.28317004442214968,"z":0.001193720381706953,"w":-0.9590741991996765},"size":2.4247448444366457,"orthographic":false}